No.,Name,Ability1,Ability2,Hidden_Ability,Type1,Type2,HP,Att,Def,S.Att,S.Def,Spd,Weight_kg,Height_m,Weight_lbs,Height_ft,Cap_Rate,Egg_Steps,Classification,Legendary
1,Grookey,Overgrow,NaN,Grassy Surge,grass,NaN,50,65,50,40,40,65,5,0.3,11,1,45,5120,Chimp Pokémon,0
2,Thwackey,Overgrow,NaN,Grassy Surge,grass,NaN,70,85,70,55,60,80,14,0.7,30.9,2.333,45,5120,Beat Pokémon,0
3,Rillaboom,Overgrow,NaN,Grassy Surge,grass,NaN,100,125,90,60,70,85,90,2.1,198.4,6.917,45,5120,Drummer Pokémon,0
4,Scorbunny,Blaze,NaN,Libero,fire,NaN,50,71,40,40,40,69,4.5,0.3,9.9,1,45,5120,Rabbit Pokémon,0
5,Raboot,Blaze,NaN,Libero,fire,NaN,65,86,60,55,60,94,9,0.6,19.8,2,45,5120,Rabbit Pokémon,0
6,Cinderace,Blaze,NaN,Libero,fire,NaN,80,116,75,65,75,119,33,1.4,72.8,4.583,45,5120,Striker Pokémon,0
7,Sobble,Torrent,NaN,Sniper,water,NaN,50,40,40,70,40,70,4,0.3,8.8,1,45,5120,Water Lizard Pokémon,0
8,Drizzile,Torrent,NaN,Sniper,water,NaN,65,60,55,95,55,90,11.5,0.7,25.4,2.333,45,5120,Water Lizard Pokémon,0
9,Inteleon,Torrent,NaN,Sniper,water,NaN,70,85,65,125,65,120,45.2,1.9,99.6,6.25,45,5120,Secret Agent Pokémon,0
10,Blipbug,Swarm,Compoundeyes,Telepathy,bug,NaN,25,20,20,25,45,45,8,0.4,17.6,1.333,255,3840,Larva Pokémon,0
11,Dottler,Swarm,Compoundeyes,Telepathy,bug,psychic,50,35,80,50,90,30,19.5,0.4,43,1.333,120,3840,Radome Pokémon,0
12,Orbeetle,Swarm,Frisk,Telepathy,bug,psychic,60,45,110,80,120,90,40.8,0.4,89.9,1.333,45,3840,Seven Spot Pokémon,0
13,Caterpie,Shield Dust,NaN,Run Away,bug,NaN,45,30,35,20,20,45,2.9,0.3,6.4,1,255,3840,Worm Pokémon,0
14,Metapod,Shed Skin,NaN,NaN,bug,NaN,50,20,55,25,25,30,9.9,0.7,21.8,2.333,120,3840,Cocoon Pokémon,0
15,Butterfree,Compoundeyes,NaN,Tinted Lens,bug,flying,60,45,50,90,80,70,32,1.1,70.5,3.583,45,3840,Butterfly Pokémon,0
16,Grubbin,Swarm,NaN,NaN,bug,NaN,47,62,45,55,45,46,4.4,0.4,9.7,1.333,255,3840,Larva Pokémon,0
17,Charjabug,Battery,NaN,NaN,bug,electric,57,82,95,55,75,36,10.5,0.5,23.1,1.667,120,3840,Battery Pokémon,0
18,Vikavolt,Levitate,NaN,NaN,bug,electric,77,70,90,145,75,43,45,1.5,99.2,4.917,45,3840,Stag Beetle Pokémon,0
19,Hoothoot,Insomnia,Keen Eye,Tinted Lens,normal,flying,60,30,30,36,56,50,21.2,0.7,46.7,2.333,255,3840,Owl Pokémon,0
20,Noctowl,Insomnia,Keen Eye,Tinted Lens,normal,flying,100,50,50,86,96,70,40.8,1.6,89.9,5.25,90,3840,Owl Pokémon,0
21,Rookidee,Keen Eye,Unnerve,Big Pecks,flying,NaN,38,47,35,33,35,57,1.8,0.2,4,0.667,255,3840,Tiny Bird Pokémon,0
22,Corvisquire,Keen Eye,Unnerve,Big Pecks,flying,NaN,68,67,55,43,55,77,16,0.8,35.3,2.583,120,3840,Raven Pokémon,0
23,Corviknight,Pressure,Unnerve,Mirror Armor,flying,steel,98,87,105,53,85,67,75,2.2,165.3,7.25,45,3840,Raven Pokémon,0
24,Skwovet,Cheek Pouch,NaN,Gluttony,normal,NaN,70,55,55,35,35,25,2.5,0.3,5.5,1,255,5120,Cheeky Pokémon,0
25,Greedent,Cheek Pouch,NaN,Gluttony,normal,NaN,120,95,95,55,75,20,6,0.6,13.2,2,90,5120,Greedy Pokémon,0
26,Pidove,Big Pecks,Super Luck,Rivalry,normal,flying,50,55,50,36,30,43,2.1,0.3,4.6,1,255,3840,Tiny Pigeon Pokémon,0
27,Tranquill,Big Pecks,Super Luck,Rivalry,normal,flying,62,77,62,50,42,65,15,0.6,33.1,2,120,3840,Wild Pigeon Pokémon,0
28,Unfezant,Big Pecks,Super Luck,Rivalry,normal,flying,80,115,80,65,55,93,29,1.2,63.9,3.917,45,3840,Proud Pokémon,0
29,Nickit,Run Away,Unburden,Stakeout,dark,NaN,40,28,28,47,52,50,8.9,0.6,19.6,2,255,3840,Fox Pokémon,0
30,Thievul,Run Away,Unburden,Stakeout,dark,NaN,70,58,58,87,92,90,19.9,1.2,43.9,3.917,127,3840,Fox Pokémon,0
31,Zigzagoon,Pickup,Gluttony,Quick Feet,dark,normal,38,30,41,30,41,60,17.5,0.4,38.6,1.333,255,3840,Tiny Racoon Pokémon,0
32,Linoone,Pickup,Gluttony,Quick Feet,dark,normal,78,70,61,50,61,100,32.5,0.5,71.6,1.667,90,3840,Rush Pokémon,0
33,Obstagoon,Reckless,Guts,Defiant,dark,normal,93,90,101,60,81,95,46,1.6,101.4,5.25,45,3840,Blocking Pokémon,0
34,Wooloo,Fluffy,Run Away,Bulletproof,normal,NaN,42,40,55,40,45,48,6,0.6,13.2,2,255,3840,Sheep Pokémon,0
35,Dubwool,Fluffy,Steadfast,Bulletproof,normal,NaN,72,80,100,60,90,88,43,1.3,94.8,4.25,127,3840,Sheep Pokémon,0
36,Lotad,Swift Swim,Rain Dish,Own Tempo,water,grass,40,30,30,40,50,30,2.6,0.5,5.7,1.667,255,3840,Water Weed Pokémon,0
37,Lombre,Swift Swim,Rain Dish,Own Tempo,water,grass,60,50,50,60,70,50,32.5,1.2,71.6,3.917,120,3840,Jolly Pokémon,0
38,Ludicolo,Swift Swim,Rain Dish,Own Tempo,water,grass,80,70,70,90,100,70,55,1.5,121.3,4.917,45,3840,Carefree Pokémon,0
39,Seedot,Chlorophyll,Early Bird,Pickpocket,grass,NaN,40,40,50,30,30,30,4,0.5,8.8,1.667,255,3840,Acorn Pokémon,0
40,Nuzleaf,Chlorophyll,Early Bird,Pickpocket,grass,dark,70,70,40,60,40,60,28,1,61.7,3.25,120,3840,Wily Pokémon,0
41,Shiftry,Chlorophyll,Early Bird,Pickpocket,grass,dark,90,100,60,90,60,80,59.6,1.3,131.4,4.25,45,3840,Wickid Pokémon,0
42,Chewtle,Strong Jaw,Shell Armor,Swift Swim,water,NaN,50,64,50,38,38,44,8.5,0.3,18.7,1,255,5120,Snapping Pokémon,0
43,Drednaw,Strong Jaw,Shell Armor,Swift Swim,water,rock,90,115,90,48,68,74,115.5,1,254.6,3.25,75,5120,Bite Pokémon,0
44,Purrloin,Limber,Unburden,Prankster,dark,NaN,41,50,37,50,37,66,10.1,0.4,22.3,1.333,255,5120,Devious Pokémon,0
45,Liepard,Limber,Unburden,Prankster,dark,NaN,64,88,50,88,50,106,37.5,1.1,82.7,3.583,90,5120,Cruel Pokémon,0
46,Yamper,Ball Fetch,NaN,Rattled,electric,NaN,59,45,50,40,50,26,13.5,0.3,29.8,1,255,5120,Puppy Pokémon,0
47,Boltund,Strong Jaw,NaN,Competitive,electric,NaN,69,90,60,90,60,121,34,1,75,3.25,45,5120,Dog Pokémon,0
48,Bunnelby,Pickup,Cheek Pouch,Huge Power,normal,NaN,38,36,38,32,36,57,5,0.4,11,1.333,255,3840,Digging Pokémon,0
49,Diggersby,Pickup,Cheek Pouch,Huge Power,normal,ground,85,56,77,50,77,78,42.4,1,93.5,3.25,127,3840,Digging Pokémon,0
50,Minccino,Cute Charm,Technician,Skill Link,normal,NaN,55,50,40,40,40,75,5.8,0.4,12.8,1.333,255,3840,Chinchilla Pokémon,0
51,Cinccino,Cute Charm,Technician,Skill Link,normal,NaN,75,95,60,65,60,115,7.5,0.5,16.5,1.667,60,3840,Scarf Pokémon,0
52,Bounsweet,Leaf Guard,Oblivious,Sweet Veil,grass,NaN,42,30,38,30,38,32,3.2,0.3,7.1,1,235,5120,Fruit Pokémon,0
53,Steenee,Leaf Guard,Oblivious,Sweet Veil,grass,NaN,52,40,48,40,48,62,8.2,0.7,18.1,2.333,120,5120,Fruit Pokémon,0
54,Tsareena,Leaf Guard,Queenly Majesty,Sweet Veil,grass,NaN,72,120,98,50,98,72,21.4,1.2,47.2,3.917,45,5120,Fruit Pokémon,0
55,Oddish,Chlorophyll,NaN,Run Away,grass,poison,45,50,55,75,65,30,5.4,0.5,11.9,1.667,255,5120,Weed Pokémon,0
56,Gloom,Chlorophyll,NaN,Stench,grass,poison,60,65,70,85,75,40,8.6,0.8,19,2.583,120,5120,Weed Pokémon,0
57,Vileplume,Chlorophyll,NaN,Effect Spore,grass,poison,75,80,85,110,90,50,18.6,1.2,41,3.917,45,5120,Flower Pokémon,0
58,Bellossom,Chlorophyll,NaN,Healer,grass,NaN,75,80,95,90,100,50,5.8,0.4,12.8,1.333,45,5120,Flower Pokémon,0
59,Budew,Natural Cure,Poison Point,Leaf Guard,grass,poison,40,30,35,50,70,55,1.2,0.2,2.6,0.667,255,5120,Bud Pokémon,0
60,Roselia,Natural Cure,Poison Point,Leaf Guard,grass,poison,50,60,45,100,80,65,2,0.3,4.4,1,150,5120,Thorn Pokémon,0
61,Roserade,Natural Cure,Poison Point,Technician,grass,poison,60,70,65,125,105,90,14.5,0.9,32,2.917,75,5120,Bouquet Pokémon,0
62,Wingull,Keen Eye,Hydration,Rain Dish,water,flying,40,30,30,55,30,85,9.5,0.6,20.9,2,190,5120,Seagull Pokémon,0
63,Pelipper,Keen Eye,Drizzle,Rain Dish,water,flying,60,50,100,95,70,65,28,1.2,61.7,3.917,45,5120,Water Bird Pokémon,0
64,Joltik,Compoundeyes,Unnerve,Swarm,bug,electric,50,47,50,57,50,65,0.6,0.1,1.3,0.333,190,5120,Attaching Pokémon,0
65,Galvantula,Compoundeyes,Unnerve,Swarm,bug,electric,70,77,60,97,60,108,14.3,0.8,31.5,2.583,75,5120,EleSpider Pokémon,0
66,Electrike,Static,Lightning Rod,Minus,electric,NaN,40,45,40,65,40,65,15.2,0.6,33.5,2,120,5120,Lightning Pokémon,0
67,Manectric,Static,Lightning Rod,Minus,electric,NaN,70,75,60,105,60,105,40.2,1.5,88.6,4.917,45,5120,Discharge Pokémon,0
68,Vulpix,Flash Fire,NaN,Drought,fire,NaN,38,41,40,50,65,65,9.9,0.6,21.8,2,190,5120,Fox Pokémon,0
69,Ninetales,Flash Fire,NaN,Drought,fire,NaN,73,76,75,81,100,100,19.9,1.1,43.9,3.583,75,5120,Fox Pokémon,0
70,Growlithe,Intimidate,Flash Fire,Justified,fire,NaN,55,70,45,70,50,60,19,0.7,41.9,2.333,190,5120,Puppy Pokémon,0
71,Arcanine,Intimidate,Flash Fire,Justified,fire,NaN,90,110,80,100,80,95,155,1.9,341.7,6.25,75,5120,Legendary Pokémon,0
72,Vanillite,Ice Body,Snow Cloak,Weak Armor,ice,NaN,36,50,50,65,60,44,5.7,0.4,12.6,1.333,255,5120,Fresh Snow Pokémon,0
73,Vanillish,Ice Body,Snow Cloak,Weak Armor,ice,NaN,51,65,65,80,75,59,41,1.1,90.4,3.583,120,5120,Icy Snow Pokémon,0
74,Vanilluxe,Ice Body,Snow Warning,Weak Armor,ice,NaN,71,95,85,110,95,79,57.5,1.3,126.8,4.25,45,5120,Snowstorm Pokémon,0
75,Swinub,Oblivious,Snow Cloak,Thick Fat,ice,ground,50,50,40,30,30,50,6.5,0.4,14.3,1.333,225,5120,Pig Pokémon,0
76,Piloswine,Oblivious,Snow Cloak,Thick Fat,ice,ground,100,100,80,60,60,50,55.8,1.1,123,3.583,75,5120,Swine Pokémon,0
77,Mamoswine,Oblivious,Snow Cloak,Thick Fat,ice,ground,110,130,80,70,60,80,291,2.5,641.5,8.167,50,5120,Twin Tusk Pokémon,0
78,Delibird,Vital Spirit,Hustle,Insomnia,ice,flying,45,55,45,65,45,75,16,0.9,35.3,2.917,45,5120,Delivery Pokémon,0
79,Snorunt,Inner Focus,Ice Body,Moody,ice,NaN,50,50,50,50,50,50,16.8,0.7,37,2.333,190,5120,Snow Hat Pokémon,0
80,Glalie,Inner Focus,Ice Body,Moody,ice,NaN,80,80,80,80,80,80,256.5,1.5,565.5,4.917,75,5120,Face Pokémon,0
81,Froslass,Snow Cloak,NaN,Cursed Body,ice,ghost,70,80,70,80,70,110,26.6,1.3,58.6,4.25,75,5120,Snow Land Pokémon,0
82,Baltoy,Levitate,NaN,NaN,ground,psychic,40,40,55,40,70,55,21.5,0.5,47.4,1.667,255,5120,Clay Doll Pokémon,0
83,Claydol,Levitate,NaN,NaN,ground,psychic,60,70,105,70,120,75,108,1.5,238.1,4.917,90,5120,Clay Doll Pokémon,0
84,Mudbray,Own Tempo,Stamina,Inner Focus,ground,NaN,70,100,70,45,55,45,110,1,242.5,3.25,190,5120,Donkey Pokémon,0
85,Mudsdale,Own Tempo,Stamina,Inner Focus,ground,NaN,100,125,100,55,85,35,920,2.5,2028.2,8.167,60,5120,Draft Horse Pokémon,0
86,Dwebble,Sturdy,Shell Armor,Weak Armor,bug,rock,50,65,85,35,35,55,14.5,0.3,32,1,190,5120,Rock Inn Pokémon,0
87,Crustle,Sturdy,Shell Armor,Weak Armor,bug,rock,70,105,125,65,75,45,200,1.4,440.9,4.583,75,5120,Stone Home Pokémon,0
88,Golett,Iron Fist,Klutz,No Guard,ground,ghost,59,74,50,35,50,35,92,1,202.8,3.25,190,6400,Automaton Pokémon,0
89,Golurk,Iron Fist,Klutz,No Guard,ground,ghost,89,124,80,55,80,55,330,2.8,727.5,9.167,90,6400,Automaton Pokémon,0
90,Munna,Forewarn,Synchronize,Telepathy,psychic,NaN,76,25,45,67,55,24,23.3,0.6,51.4,2,190,2560,Dream Eater Pokémon,0
91,Musharna,Forewarn,Synchronize,Telepathy,psychic,NaN,116,55,85,107,95,29,60.5,1.1,133.4,3.583,75,2560,Drowsing Pokémon,0
92,Natu,Synchronize,Early Bird,Magic Bounce,psychic,flying,40,50,45,70,45,70,2,0.2,4.4,0.667,190,5120,Little Bird Pokémon,0
93,Xatu,Synchronize,Early Bird,Magic Bounce,psychic,flying,65,75,70,95,70,95,15,1.5,33.1,4.917,75,5120,Mystic Pokémon,0
94,Stufful,Fluffy,Klutz,Cute Charm,normal,fighting,70,75,50,45,50,50,6.8,0.5,15,1.667,140,3840,Flailing Pokémon,0
95,Bewear,Fluffy,Klutz,Unnerve,normal,fighting,120,125,80,55,60,60,135,2.1,297.6,6.917,70,3840,Strong Arm Pokémon,0
96,Snover,Snow Warning,NaN,Soundproof,grass,ice,60,62,50,62,60,40,50.5,1,111.3,3.25,120,5120,Frosted Tree Pokémon,0
97,Abomasnow,Snow Warning,NaN,Soundproof,grass,ice,90,92,75,92,85,60,135.5,2.2,298.7,7.25,60,5120,Frosted Tree Pokémon,0
98,Krabby,Hyper Cutter,Shell Armor,Sheer Force,water,NaN,30,105,90,25,25,50,6.5,0.4,14.3,1.333,225,5120,River Crab Pokémon,0
99,Kingler,Hyper Cutter,Shell Armor,Sheer Force,water,NaN,55,130,115,50,50,75,60,1.3,132.3,4.25,60,5120,Pincer Pokémon,0
100,Wooper,Damp,Water Absorb,Unaware,water,ground,55,45,45,25,25,15,8.5,0.4,18.7,1.333,255,5120,Water Fish Pokémon,0
101,Quagsire,Damp,Water Absorb,Unaware,water,ground,95,85,85,65,65,35,75,1.4,165.3,4.583,90,5120,Water Fish Pokémon,0
102,Corphish,Hyper Cutter,Shell Armor,Adaptability,water,NaN,43,80,65,50,35,35,11.5,0.6,25.4,2,205,3840,Ruffian Pokémon,0
103,Crawdaunt,Hyper Cutter,Shell Armor,Adaptability,water,dark,63,120,85,90,55,55,32.8,1.1,72.3,3.583,155,3840,Rogue Pokémon,0
104,Nincada,Compoundeyes,NaN,Run Away,bug,ground,31,45,90,30,30,40,5.5,0.5,12.1,1.667,255,3840,Trainee Pokémon,0
105,Ninjask,Speed Boost,NaN,Infiltrator,bug,flying,61,90,45,50,50,160,12,0.8,26.5,2.583,120,3840,Ninja Pokémon,0
106,Shedinja,Wonder Guard,NaN,NaN,bug,ghost,1,90,45,30,30,40,1.2,0.8,2.6,2.583,45,3840,Shed Pokémon,0
107,Tyrogue,Guts,Steadfast,Vital Spirit,fighting,NaN,35,35,35,35,35,35,21,0.7,46.3,2.333,75,6400,Scuffle Pokémon,0
108,Hitmonlee,Limber,Reckless,Unburden,fighting,NaN,50,120,53,35,110,87,49.8,1.5,109.8,4.917,45,6400,Kicking Pokémon,0
109,Hitmonchan,Keen Eye,Iron Fist,Inner Focus,fighting,NaN,50,105,79,35,110,76,50.2,1.4,110.7,4.583,45,6400,Punching Pokémon,0
110,Hitmontop,Intimidate,Technician,Steadfast,fighting,NaN,50,95,95,35,110,70,48,1.4,105.8,4.583,45,6400,Handstand Pokémon,0
111,Pancham,Iron Fist,Mold Breaker,Scrappy,fighting,NaN,67,82,62,46,48,43,8,0.6,17.6,2,220,6400,Playful Pokémon,0
112,Pangoro,Iron Fist,Mold Breaker,Scrappy,fighting,dark,95,124,78,69,71,58,136,2.1,299.8,6.917,65,6400,Daunting Pokémon,0
113,Klink,Plus,Minus,Clear Body,steel,NaN,40,55,70,45,60,30,21,0.3,46.3,1,130,5120,Gear Pokémon,0
114,Klang,Plus,Minus,Clear Body,steel,NaN,60,80,95,70,85,50,51,0.6,112.4,2,60,5120,Gear Pokémon,0
115,Klinklang,Plus,Minus,Clear Body,steel,NaN,60,100,115,70,85,90,81,0.6,178.6,2,30,5120,Gear Pokémon,0
116,Combee,Honey Gather,NaN,Hustle,bug,flying,30,30,42,30,42,70,5.5,0.3,12.1,1,120,3840,Tiny Bee Pokémon,0
117,Vespiquen,Pressure,NaN,Unnerve,bug,flying,70,80,102,80,102,40,38.5,1.2,84.9,3.917,45,3840,Beehive Pokémon,0
118,Bronzor,Levitate,Heatproof,Heavy Metal,steel,psychic,57,24,86,24,86,23,60.5,0.5,133.4,1.667,255,5120,Bronze Pokémon,0
119,Bronzong,Levitate,Heatproof,Heavy Metal,steel,psychic,67,89,116,79,116,33,187,1.3,412.3,4.25,90,5120,Bronze Bell Pokémon,0
120,Ralts,Synchronize,Trace,Telepathy,psychic,fairy,28,25,25,45,35,40,6.6,0.4,14.6,1.333,235,5120,Feeling Pokémon,0
121,Kirlia,Synchronize,Trace,Telepathy,psychic,fairy,38,35,35,65,55,50,20.2,0.8,44.5,2.583,120,5120,Emotion Pokémon,0
122,Gardevoir,Synchronize,Trace,Telepathy,psychic,fairy,68,65,65,125,115,80,48.4,1.6,106.7,5.25,45,5120,Embrace Pokémon,0
123,Gallade,Steadfast,NaN,Justified,psychic,fighting,68,125,65,65,115,80,52,1.6,114.6,5.25,45,5120,Blade Pokémon,0
124,Drifloon,Aftermath,Unburden,Flare Boost,ghost,flying,90,50,34,60,44,70,1.2,0.4,2.6,1.333,125,7680,Balloon Pokémon,0
125,Drifblim,Aftermath,Unburden,Flare Boost,ghost,flying,150,80,44,90,54,80,15,1.2,33.1,3.917,60,7680,Blimp Pokémon,0
126,Gossifleur,Cotton Down,Regenerator,Effect Spore,grass,NaN,40,40,60,40,60,10,2.2,0.4,4.9,1.333,190,5120,Flowering Pokémon,0
127,Eldegoss,Cotton Down,Regenerator,Effect Spore,grass,NaN,60,50,90,80,120,60,2.5,0.5,5.5,1.667,75,5120,Cotton Bloom Pokémon,0
128,Cherubi,Chlorophyll,NaN,NaN,grass,NaN,45,35,45,62,53,35,3.3,0.4,7.3,1.333,190,5120,Cherry Pokémon,0
129,Cherrim,Flower Gift,NaN,NaN,grass,NaN,70,60,70,87,78,85,9.3,0.5,20.5,1.667,75,5120,Blossom Pokémon,0
130,Stunky,Stench,Aftermath,Keen Eye,poison,dark,63,63,47,41,41,74,19.2,0.4,42.3,1.333,225,5120,Skunk Pokémon,0
131,Skuntank,Stench,Aftermath,Keen Eye,poison,dark,103,93,67,71,61,84,38,1,83.8,3.25,60,5120,Skunk Pokémon,0
132,Tympole,Swift Swim,Hydration,Water Absorb,water,NaN,50,50,40,50,40,64,4.5,0.5,9.9,1.667,255,5120,Tadpole Pokémon,0
133,Palpitoad,Swift Swim,Hydration,Water Absorb,water,ground,75,65,55,65,55,69,17,0.8,37.5,2.583,120,5120,Vibration Pokémon,0
134,Seismitoad,Swift Swim,Poison Touch,Water Absorb,water,ground,105,95,75,85,75,74,62,1.5,136.7,4.917,45,5120,Vibration Pokémon,0
135,Duskull,Levitate,NaN,Frisk,ghost,NaN,20,40,90,30,90,25,15,0.8,33.1,2.583,190,6400,Requiem Pokémon,0
136,Dusclops,Pressure,NaN,Frisk,ghost,NaN,40,70,130,60,130,25,30.6,1.6,67.5,5.25,90,6400,Beckon Pokémon,0
137,Dusknoir,Pressure,NaN,Frisk,ghost,NaN,45,100,135,65,135,45,106.6,2.2,235,7.25,45,6400,Gripper Pokémon,0
138,Machop,Guts,No Guard,Steadfast,fighting,NaN,70,80,50,35,35,35,19.5,0.8,43,2.583,180,5120,Superpower Pokémon,0
139,Machoke,Guts,No Guard,Steadfast,fighting,NaN,80,100,70,50,60,45,70.5,1.5,155.4,4.917,90,5120,Superpower Pokémon,0
140,Machamp,Guts,No Guard,Steadfast,fighting,NaN,90,130,80,65,85,55,130,1.6,286.6,5.25,45,5120,Superpower Pokémon,0
141,Gastly,Levitate,NaN,NaN,ghost,poison,30,35,30,100,35,80,0.1,1.3,0.2,4.25,190,5120,Gas Pokémon,0
142,Haunter,Levitate,NaN,NaN,ghost,poison,45,50,45,115,55,95,0.1,1.6,0.2,5.25,90,5120,Gas Pokémon,0
143,Gengar,Cursed Body,NaN,NaN,ghost,poison,60,65,60,130,75,110,40.5,1.5,89.3,4.917,45,5120,Shadow Pokémon,0
144,Magikarp,Swift Swim,NaN,Rattled,water,NaN,20,10,55,15,20,80,10,0.9,22,2.917,255,1280,Fish Pokémon,0
145,Gyarados,Intimidate,NaN,Moxie,water,flying,95,125,79,60,100,81,235,6.5,518.1,21.333,45,1280,Atrocious Pokémon,0
146,Goldeen,Swift Swim,Water Veil,Lightning Rod,water,NaN,45,67,60,35,50,63,15,0.6,33.1,2,225,5120,Goldfish Pokémon,0
147,Seaking,Swift Swim,Water Veil,Lightning Rod,water,NaN,80,92,65,65,80,68,39,1.3,86,4.25,60,5120,Goldfish Pokémon,0
148,Remoraid,Hustle,Sniper,Moody,water,NaN,35,65,35,65,35,65,12,0.6,26.5,2,190,5120,Jet Pokémon,0
149,Octillery,Suction Cups,Sniper,Moody,water,NaN,75,105,75,105,75,45,28.5,0.9,62.8,2.917,75,5120,Jet Pokémon,0
150,Shellder,Shell Armor,Skill Link,Overcoat,water,NaN,30,65,100,45,25,40,4,0.3,8.8,1,190,5120,Bivalve Pokémon,0
151,Cloyster,Shell Armor,Skill Link,Overcoat,water,ice,50,95,180,85,45,70,132.5,1.5,292.1,4.917,60,5120,Bivalve Pokémon,0
152,Feebas,Swift Swim,Oblivious,Adaptability,water,NaN,20,15,20,10,55,80,7.4,0.6,16.3,2,255,5120,Fish Pokémon,0
153,Milotic,Marvel Scale,Competitive,Cute Charm,water,NaN,95,60,79,100,125,81,162,6.2,357.1,20.333,60,5120,Tender Pokémon,0
154,Basculin,Reckless,Adaptability,Mold Breaker,water,NaN,70,92,65,80,55,98,18,1,39.7,3.25,25,10240,Hostile Pokémon,0
155,Wishiwashi,Schooling,NaN,NaN,water,NaN,45,20,20,25,25,40,0.3,0.2,0.7,0.667,60,3840,Small Fry Pokémon,0
156,Pyukumuku,Innards Out,NaN,Unaware,water,NaN,55,60,130,30,130,5,1.2,0.3,2.6,1,60,3840,Sea Cucumber Pokémon,0
157,Trubbish,Stench,Sticky Hold,Aftermath,poison,NaN,50,50,62,40,62,65,31,0.6,68.3,2,190,5120,Trash Bag Pokémon,0
158,Garbodor,Stench,Weak Armor,Aftermath,poison,NaN,80,95,82,60,82,75,107.3,1.9,236.6,6.25,60,5120,Trash Heap Pokémon,0
159,Sizzlipede,Flash Fire,White Smoke,Flame Body,fire,bug,50,65,45,50,50,45,1,0.7,2.2,2.333,190,5120,Radiator Pokémon,0
160,Centiskorch,Flash Fire,White Smoke,Flame Body,fire,bug,100,115,65,90,90,65,120,3,264.6,9.833,75,5120,Radiator Pokémon,0
161,Rolycoly,Steam Engine,Heatproof,Flash Fire,rock,NaN,30,40,50,40,50,30,12,0.3,26.5,1,255,3840,Coal Pokémon,0
162,Carkol,Steam Engine,Flame Body,Flash Fire,rock,fire,80,60,90,60,70,50,78,1.1,172,3.583,120,3840,Coal Pokémon,0
163,Coalossal,Steam Engine,Flame Body,Flash Fire,rock,fire,110,80,120,80,90,30,310.5,2.8,684.5,9.167,45,3840,Coal Pokémon,0
164,Diglett,Sand Veil,Arena Trap,Sand Force,ground,NaN,10,55,25,35,45,95,0.8,0.2,1.8,0.667,255,5120,Mole Pokémon,0
165,Dugtrio,Sand Veil,Arena Trap,Sand Force,ground,NaN,35,100,50,50,70,120,33.3,0.7,73.4,2.333,50,5120,Mole Pokémon,0
166,Drilbur,Sand Rush,Sand Force,Mold Breaker,ground,NaN,60,85,40,30,45,68,8.5,0.3,18.7,1,120,5120,Mole Pokémon,0
167,Excadrill,Sand Rush,Sand Force,Mold Breaker,ground,steel,110,135,60,50,65,88,40.4,0.7,89.1,2.333,60,5120,Subterrene Pokémon,0
168,Roggenrola,Sturdy,Weak Armor,Sand Force,rock,NaN,55,75,85,25,25,15,18,0.4,39.7,1.333,255,3840,Mantle Pokémon,0
169,Boldore,Sturdy,Weak Armor,Sand Force,rock,NaN,70,105,105,50,40,20,102,0.9,224.9,2.917,120,3840,Ore Pokémon,0
170,Gigalith,Sturdy,Sand Stream,Sand Force,rock,NaN,85,135,130,60,80,25,260,1.7,573.2,5.583,45,3840,Compressed Pokémon,0
171,Timburr,Guts,Sheer Force,Iron Fist,fighting,NaN,75,80,55,25,35,35,12.5,0.6,27.6,2,180,5120,Muscular Pokémon,0
172,Gurdurr,Guts,Sheer Force,Iron Fist,fighting,NaN,85,105,85,40,50,40,40,1.2,88.2,3.917,90,5120,Muscular Pokémon,0
173,Conkeldurr,Guts,Sheer Force,Iron Fist,fighting,NaN,105,140,95,55,65,45,87,1.4,191.8,4.583,45,5120,Muscular Pokémon,0
174,Woobat,Unaware,Klutz,Simple,psychic,flying,65,45,43,55,43,72,2.1,0.4,4.6,1.333,190,3840,Bat Pokémon,0
175,Swoobat,Unaware,Klutz,Simple,psychic,flying,67,57,55,77,55,114,10.5,0.9,23.1,2.917,45,3840,Courting Pokémon,0
176,Noibat,Frisk,Infiltrator,Telepathy,flying,dragon,40,30,35,45,40,55,8,0.5,17.6,1.667,190,5120,Sound Wave Pokémon,0
177,Noivern,Frisk,Infiltrator,Telepathy,flying,dragon,85,70,80,97,80,123,85,1.5,187.4,4.917,45,5120,Sound Wave Pokémon,0
178,Onix,Rock Head,Sturdy,Weak Armor,rock,ground,35,45,160,30,45,70,210,8.8,463,28.833,45,6400,Rock Snake Pokémon,0
179,Steelix,Rock Head,Sturdy,Sheer Force,steel,ground,75,85,200,55,65,30,400,9.2,881.8,30.167,25,6400,Iron Snake Pokémon,0
180,Arrokuda,Swift Swim,NaN,Propeller Tail,water,NaN,41,63,40,40,30,66,1,0.5,2.2,1.667,255,5120,Rush Pokémon,0
181,Barraskewda,Swift Swim,NaN,Propeller Tail,water,NaN,61,123,60,60,50,136,30,1.3,66.1,4.25,60,5120,Skewer Pokémon,0
182,Meowth,Pickup,Tough Claws,Unnerve,steel,NaN,50,65,55,40,40,40,4.2,0.4,9.3,1.333,255,5120,Scratch Cat Pokémon,0
183,Perrserker,Battle Armor,Tough Claws,Steely Spirit,steel,NaN,70,110,100,50,60,50,28,0.8,61.7,2.583,90,5120,Viking Pokémon,0
184,Persian,Limber,Technician,Unnerve,normal,NaN,65,70,60,65,65,115,32,1,70.5,3.25,90,5120,Classy Cat Pokémon,0
185,Milcery,Sweet Veil,NaN,Aroma Veil,fairy,NaN,45,40,40,50,61,34,0.3,0.2,0.7,0.667,200,5120,Cream Pokémon,0
186,Alcremie,Sweet Veil,NaN,Aroma Veil,fairy,NaN,65,60,75,110,121,64,0.5,0.3,1.1,1,100,5120,Cream Pokémon,0
187,Cutiefly,Honey Gather,Shield Dust,Sweet Veil,bug,fairy,40,45,40,55,40,84,0.2,0.1,0.4,0.333,190,5120,Bee Fly Pokémon,0
188,Ribombee,Honey Gather,Shield Dust,Sweet Veil,bug,fairy,60,55,60,95,70,124,0.5,0.2,1.1,0.667,75,5120,Bee Fly Pokémon,0
189,Ferroseed,Iron Barbs,NaN,NaN,grass,steel,44,50,91,24,86,10,18.8,0.6,41.4,2,255,5120,Thorn Seed Pokémon,0
190,Ferrothorn,Iron Barbs,NaN,Anticipation,grass,steel,74,94,131,54,116,20,110,1,242.5,3.25,90,5120,Thorn Pod Pokémon,0
191,Pumpkaboo,Pickup,Frisk,Insomnia,ghost,grass,49,66,70,44,55,51,5,0.4,11,1.333,120,5120,Pumpkin Pokémon,0
192,Gourgeist,Pickup,Frisk,Insomnia,ghost,grass,65,90,122,58,75,84,12.5,0.9,27.6,2.917,60,5120,Pumpkin Pokémon,0
193,Pichu,Static,NaN,Lightning Rod,electric,NaN,20,40,15,35,35,60,2,0.3,4.4,1,190,2560,Tiny Mouse Pokémon,0
194,Pikachu,Static,NaN,Lightning Rod,electric,NaN,35,55,40,50,50,90,6,0.4,13.2,1.333,190,2560,Mouse Pokémon,0
195,Raichu,Static,NaN,Lightning Rod,electric,NaN,60,90,55,90,80,110,30,0.8,66.1,2.583,75,2560,Mouse Pokémon,0
196,Eevee,Run Away,Adaptability,Anticipation,normal,NaN,55,55,50,45,65,55,6.5,0.3,14.3,1,45,8960,Evolution Pokémon,0
197,Vaporeon,Water Absorb,NaN,Hydration,water,NaN,130,65,60,110,95,65,29,1,63.9,3.25,45,8960,Bubble Jet Pokémon,0
198,Jolteon,Volt Absorb,NaN,Quick Feet,electric,NaN,65,65,60,110,95,130,24.5,0.8,54,2.583,45,8960,Lightning Pokémon,0
199,Flareon,Flash Fire,NaN,Guts,fire,NaN,65,130,60,95,110,65,25,0.9,55.1,2.917,45,8960,Flame Pokémon,0
200,Espeon,Synchronize,NaN,Magic Bounce,psychic,NaN,65,65,60,130,95,110,26.5,0.9,58.4,2.917,45,8960,Sun Pokémon,0
201,Umbreon,Synchronize,NaN,Inner Focus,dark,NaN,95,65,110,60,130,65,27,1,59.5,3.25,45,8960,Moonlight Pokémon,0
202,Leafeon,Leaf Guard,NaN,Chlorophyll,grass,NaN,65,110,130,60,65,95,25.5,1,56.2,3.25,45,8960,Verdant Pokémon,0
203,Glaceon,Snow Cloak,NaN,Ice Body,ice,NaN,65,60,110,130,95,65,25.9,0.8,57.1,2.583,45,8960,Fresh Snow Pokémon,0
204,Sylveon,Cute Charm,NaN,Pixilate,fairy,NaN,95,65,65,110,130,60,23.5,1,51.8,3.25,45,8960,Intertwining Pokémon,0
205,Applin,Ripen,Gluttony,Bulletproof,grass,dragon,40,40,80,40,40,20,0.5,0.2,1.1,0.667,255,5120,Apple Core Pokémon,0
206,Flapple,Ripen,Gluttony,Hustle,grass,dragon,70,110,80,95,60,70,1,0.3,2.2,1,45,5120,Apple Wing Pokémon,0
207,Appletun,Ripen,Gluttony,Thick Fat,grass,dragon,110,85,80,100,80,30,13,0.4,28.7,1.333,45,5120,Apple Nectar Pokémon,0
208,Espurr,Keen Eye,Infiltrator,Own Tempo,psychic,NaN,62,48,54,63,60,68,3.5,0.3,7.7,1,190,5120,Restraint Pokémon,0
209,Meowstic,Keen Eye,Infiltrator,Prankster,psychic,NaN,74,48,76,83,81,104,8.5,0.6,18.7,2,75,5120,Constraint Pokémon,0
210,Swirlix,Sweet Veil,NaN,Unburden,fairy,NaN,62,48,66,59,57,49,3.5,0.4,7.7,1.333,200,5120,Cotton Candy Pokémon,0
211,Slurpuff,Sweet Veil,NaN,Unburden,fairy,NaN,82,80,86,85,75,72,5,0.8,11,2.583,140,5120,Meringue Pokémon,0
212,Spritzee,Healer,NaN,Aroma Veil,fairy,NaN,78,52,60,63,65,23,0.5,0.2,1.1,0.667,200,5120,Perfume Pokémon,0
213,Aromatisse,Healer,NaN,Aroma Veil,fairy,NaN,101,72,72,99,89,29,15.5,0.8,34.2,2.583,140,5120,Fragrance Pokémon,0
214,Dewpider,Water Bubble,NaN,Water Absorb,water,bug,38,40,52,40,72,27,4,0.3,8.8,1,200,3840,Water Bubble Pokémon,0
215,Araquanid,Water Bubble,NaN,Water Absorb,water,bug,68,70,92,50,132,42,82,1.8,180.8,5.917,100,3840,Water Bubble Pokémon,0
216,Wynaut,Shadow Tag,NaN,Telepathy,psychic,NaN,95,23,48,23,48,23,14,0.6,30.9,2,125,5120,Bright Pokémon,0
217,Wobbuffet,Shadow Tag,NaN,Telepathy,psychic,NaN,190,33,58,33,58,33,28.5,1.3,62.8,4.25,45,5120,Patient Pokémon,0
218,Farfetchd,Steadfast,NaN,Scrappy,fighting,NaN,52,95,55,58,62,55,15,0.8,33.1,2.583,45,5120,Wild Duck Pokémon,0
219,Sirfetchd,Steadfast,NaN,Scrappy,fighting,NaN,62,135,95,68,82,65,117,0.8,257.9,2.583,45,5120,Wild Duck Pokémon,0
220,Chinchou,Volt Absorb,Illuminate,Water Absorb,water,electric,75,38,38,56,56,67,12,0.5,26.5,1.667,190,5120,Angler Pokémon,0
221,Lanturn,Volt Absorb,Illuminate,Water Absorb,water,electric,125,58,58,76,76,67,22.5,1.2,49.6,3.917,75,5120,Light Pokémon,0
222,Croagunk,Anticipation,Dry Skin,Poison Touch,poison,fighting,48,61,40,61,40,50,23,0.7,50.7,2.333,140,2560,Toxic Mouth Pokémon,0
223,Toxicroak,Anticipation,Dry Skin,Poison Touch,poison,fighting,83,106,65,86,65,85,44.4,1.3,97.9,4.25,75,5120,Toxic Mouth Pokémon,0
224,Scraggy,Shed Skin,Moxie,Intimidate,dark,fighting,50,75,70,35,70,48,11.8,0.6,26,2,180,3840,Shedding Pokémon,0
225,Scrafty,Shed Skin,Moxie,Intimidate,dark,fighting,65,90,115,45,115,58,30,1.1,66.1,3.583,90,3840,Hoodlum Pokémon,0
226,Stunfisk,Mimicry,NaN,NaN,ground,steel,109,81,99,66,84,32,11,0.7,24.3,2.333,75,5120,Trap Pokémon,0
227,Shuckle,Sturdy,Gluttony,Contrary,bug,rock,20,10,230,10,230,5,20.5,0.6,45.2,2,190,5120,Mold Pokémon,0
228,Barboach,Oblivious,Anticipation,Hydration,water,ground,50,48,43,46,41,60,1.9,0.4,4.2,1.333,190,5120,Whiskers Pokémon,0
229,Whiscash,Oblivious,Anticipation,Hydration,water,ground,110,78,73,76,71,60,23.6,0.9,52,2.917,75,5120,Whiskers Pokémon,0
230,Shellos,Sticky Hold,Storm Drain,Sand Force,water,NaN,76,48,48,57,62,34,6.3,0.3,13.9,1,190,5120,Sea Slug Pokémon,0
231,Gastrodon,Sticky Hold,Storm Drain,Sand Force,water,ground,111,83,68,92,82,39,29.9,0.9,65.9,2.917,75,5120,Sea Slug Pokémon,0
232,Wimpod,Wimp Out,NaN,NaN,bug,water,25,35,40,20,30,80,12,0.5,26.5,1.667,90,5120,Turn Tail Pokémon,0
233,Golisopod,Emergency Exit,NaN,NaN,bug,water,75,125,140,60,90,40,108,2,238.1,6.583,45,5120,Hard Scale Pokémon,0
234,Binacle,Tough Claws,Sniper,Pickpocket,rock,water,42,52,67,39,56,50,31,0.5,68.3,1.667,120,5120,Two-Handed Pokémon,0
235,Barbaracle,Tough Claws,Sniper,Pickpocket,rock,water,72,105,115,54,86,68,96,1.3,211.6,4.25,45,5120,Collective Pokémon,0
236,Corsola,Weak Armor,NaN,Cursed Body,ghost,NaN,60,55,100,65,100,30,5,0.6,11,2,60,5120,Coral Pokémon,0
237,Cursola,Weak Armor,NaN,Perish Body,ghost,NaN,60,95,50,145,130,30,0.4,1,0.9,3.25,30,5120,Coral Pokémon,0
238,Impidimp,Prankster,Frisk,Pickpocket,dark,fairy,45,45,30,55,40,50,5.5,0.4,12.1,1.333,255,5120,Wily Pokémon,0
239,Morgrem,Prankster,Frisk,Pickpocket,dark,fairy,65,60,45,75,55,70,12.5,0.8,27.6,2.583,120,5120,Devious Pokémon,0
240,Grimmsnarl,Prankster,Frisk,Pickpocket,dark,fairy,95,120,65,95,75,60,61,1.5,134.5,4.917,45,5120,Bulk Up Pokémon,0
241,Hatenna,Healer,Anticipation,Magic Bounce,psychic,NaN,42,30,45,56,53,39,3.4,0.4,7.5,1.333,235,5120,Calm Pokémon,0
242,Hattrem,Healer,Anticipation,Magic Bounce,psychic,NaN,57,40,65,86,73,49,4.8,0.6,10.6,2,120,5120,Serene Pokémon,0
243,Hatterene,Healer,Anticipation,Magic Bounce,psychic,fairy,57,90,95,136,103,29,5.1,2.1,11.2,6.917,45,5120,Silent Pokémon,0
244,Salandit,Corrosion,NaN,Oblivious,poison,fire,48,44,40,71,40,77,4.8,0.6,10.6,2,120,5120,Toxic Lizard Pokémon,0
245,Salazzle,Corrosion,NaN,Oblivious,poison,fire,68,64,60,111,60,117,22.2,1.2,48.9,3.917,45,5120,Toxic Lizard Pokémon,0
246,Pawniard,Defiant,Inner Focus,Pressure,dark,steel,45,85,70,40,40,60,10.2,0.5,22.5,1.667,120,5120,Sharp Blade Pokémon,0
247,Bisharp,Defiant,Inner Focus,Pressure,dark,steel,65,125,100,60,70,70,70,1.6,154.3,5.25,45,5120,Sword Blade Pokémon,0
248,Throh,Guts,Inner Focus,Mold Breaker,fighting,NaN,120,100,85,30,85,45,55.5,1.3,122.4,4.25,45,5120,Judo Pokémon,0
249,Sawk,Sturdy,Inner Focus,Mold Breaker,fighting,NaN,75,125,75,30,75,85,51,1.4,112.4,4.583,45,5120,Karate Pokémon,0
250,Koffing,Levitate,Neutralizing Gas,Stench,poison,NaN,40,65,95,60,45,35,1,0.6,2.2,2,190,5120,Poison Gas Pokémon,0
251,Weezing,Levitate,Neutralizing Gas,Misty Surge,poison,fairy,65,90,120,85,70,60,9.5,1.2,20.9,3.917,60,5120,Poison Gas Pokémon,0
252,Bonsly,Sturdy,Rock Head,Rattled,rock,NaN,50,80,95,10,45,10,15,0.5,33.1,1.667,255,5120,Bonsai Pokémon,0
253,Sudowoodo,Sturdy,Rock Head,Rattled,rock,NaN,70,100,115,30,65,30,38,1.2,83.8,3.917,65,5120,Imitation Pokémon,0
254,Cleffa,Cute Charm,Magic Guard,Friend Guard,fairy,NaN,50,25,28,45,55,15,3,0.3,6.6,1,150,2560,Star Shape Pokémon,0
255,Clefairy,Cute Charm,Magic Guard,Friend Guard,fairy,NaN,70,45,48,60,65,35,7.5,0.6,16.5,2,150,2560,Fairy Pokémon,0
256,Clefable,Cute Charm,Magic Guard,Unaware,fairy,NaN,95,70,73,95,90,60,40,1.3,88.2,4.25,25,2560,Fairy Pokémon,0
257,Togepi,Hustle,Serene Grace,Super Luck,fairy,NaN,35,20,65,40,65,20,1.5,0.3,3.3,1,190,2560,Spike Ball Pokémon,0
258,Togetic,Hustle,Serene Grace,Super Luck,fairy,flying,55,40,85,80,105,40,3.2,0.6,7.1,2,75,2560,Happiness Pokémon,0
259,Togekiss,Hustle,Serene Grace,Super Luck,fairy,flying,85,50,95,120,115,80,38,1.5,83.8,4.917,30,2560,Jubilee Pokémon,0
260,Munchlax,Pickup,Thick Fat,Gluttony,normal,NaN,135,85,40,40,85,5,105,0.6,231.5,2,50,10240,Big Eater Pokémon,0
261,Snorlax,Immunity,Thick Fat,Gluttony,normal,NaN,160,110,65,65,110,30,460,2.1,1014.1,6.917,25,10240,Sleeping Pokémon,0
262,Cottonee,Prankster,Infiltrator,Chlorophyll,grass,fairy,40,27,60,37,50,66,0.6,0.3,1.3,1,190,5120,Cotton Puff Pokémon,0
263,Whimsicott,Prankster,Infiltrator,Chlorophyll,grass,fairy,60,67,85,77,75,116,6.6,0.7,14.6,2.333,75,5120,Windveiled Pokémon,0
264,Rhyhorn,Lightning Rod,Rock Head,Reckless,ground,rock,80,85,95,30,30,25,115,1,253.5,3.25,120,5120,Spikes Pokémon,0
265,Rhydon,Lightning Rod,Rock Head,Reckless,ground,rock,105,130,120,45,45,40,120,1.9,264.6,6.25,60,5120,Drill Pokémon,0
266,Rhyperior,Lightning Rod,Solid Rock,Reckless,ground,rock,115,140,130,55,55,40,282.8,2.4,623.5,7.833,30,5120,Drill Pokémon,0
267,Gothita,Frisk,Competitive,Shadow Tag,psychic,NaN,45,30,50,55,65,45,5.8,0.4,12.8,1.333,200,5120,Fixation Pokémon,0
268,Gothorita,Frisk,Competitive,Shadow Tag,psychic,NaN,60,45,70,75,85,55,18,0.7,39.7,2.333,100,5120,Manipulate Pokémon,0
269,Gothitelle,Frisk,Competitive,Shadow Tag,psychic,NaN,70,55,95,95,110,65,44,1.5,97,4.917,50,5120,Astral Body Pokémon,0
270,Solosis,Overcoat,Magic Guard,Regenerator,psychic,NaN,45,30,40,105,50,20,1,0.3,2.2,1,200,5120,Cell Pokémon,0
271,Duosion,Overcoat,Magic Guard,Regenerator,psychic,NaN,65,40,50,125,60,30,8,0.6,17.6,2,100,5120,Mitosis Pokémon,0
272,Reuniclus,Overcoat,Magic Guard,Regenerator,psychic,NaN,110,65,75,125,85,30,20.1,1,44.3,3.25,50,5120,Multiplying Pokémon,0
273,Karrablast,Swarm,Shed Skin,No Guard,bug,NaN,50,75,45,40,45,60,5.9,0.5,13,1.667,200,3840,Clamping Pokémon,0
274,Escavalier,Swarm,Shell Armor,Overcoat,bug,steel,70,135,105,60,105,20,33,1,72.8,3.25,75,3840,Cavalry Pokémon,0
275,Shelmet,Hydration,Shell Armor,Overcoat,bug,NaN,50,40,85,40,65,25,7.7,0.4,17,1.333,200,3840,Snail Pokémon,0
276,Accelgor,Hydration,Sticky Hold,Unburden,bug,NaN,80,70,40,100,60,145,25.3,0.8,55.8,2.583,75,3840,Shell Out Pokémon,0
277,Elgyem,Telepathy,Synchronize,Analytic,psychic,NaN,55,55,55,85,55,30,9,0.5,19.8,1.667,255,5120,Cerebral Pokémon,0
278,Beheeyem,Telepathy,Synchronize,Analytic,psychic,NaN,75,75,75,125,95,40,34.5,1,76.1,3.25,90,5120,Cerebral Pokémon,0
279,Cubchoo,Snow Cloak,Slush Rush,Rattled,ice,NaN,55,70,40,60,40,40,8.5,0.5,18.7,1.667,120,5120,Chill Pokémon,0
280,Beartic,Snow Cloak,Slush Rush,Swift Swim,ice,NaN,95,130,80,70,80,50,260,2.6,573.2,8.5,60,5120,Freezing Pokémon,0
281,Rufflet,Keen Eye,Sheer Force,Hustle,normal,flying,70,83,50,37,50,60,10.5,0.5,23.1,1.667,190,5120,Eaglet Pokémon,0
282,Braviary,Keen Eye,Sheer Force,Defiant,normal,flying,100,123,75,57,75,80,41,1.5,90.4,4.917,60,5120,Valiant Pokémon,0
283,Vullaby,Big Pecks,Overcoat,Weak Armor,dark,flying,70,55,75,45,65,60,9,0.5,19.8,1.667,190,5120,Diapered Pokémon,0
284,Mandibuzz,Big Pecks,Overcoat,Weak Armor,dark,flying,110,65,105,55,95,80,39.5,1.2,87.1,3.917,60,5120,Bone Vulture Pokémon,0
285,Skorupi,Battle Armor,Sniper,Keen Eye,poison,bug,40,50,90,30,55,65,12,0.8,26.5,2.583,120,5120,Scorpion Pokémon,0
286,Drapion,Battle Armor,Sniper,Keen Eye,poison,dark,70,90,110,60,75,95,61.5,1.3,135.6,4.25,45,5120,Ogre Scorp Pokémon,0
287,Litwick,Flash Fire,Flame Body,Infiltrator,ghost,fire,50,30,55,65,55,20,3.1,0.3,6.8,1,190,5120,Candle Pokémon,0
288,Lampent,Flash Fire,Flame Body,Infiltrator,ghost,fire,60,40,60,95,60,55,13,0.6,28.7,2,90,5120,Lamp Pokémon,0
289,Chandelure,Flash Fire,Flame Body,Infiltrator,ghost,fire,60,55,90,145,90,80,34.3,1,75.6,3.25,45,5120,Luring Pokémon,0
290,Inkay,Contrary,Suction Cups,Infiltrator,dark,psychic,53,54,53,37,46,45,3.5,0.4,7.7,1.333,190,5120,Revolving Pokémon,0
291,Malamar,Contrary,Suction Cups,Infiltrator,dark,psychic,86,92,88,68,75,73,47,1.5,103.6,4.917,80,5120,Overturning Pokémon,0
292,Sneasel,Inner Focus,Keen Eye,Pickpocket,dark,ice,55,95,55,35,75,115,28,0.9,61.7,2.917,60,5120,Sharp Claw Pokémon,0
293,Weavile,Pressure,NaN,Pickpocket,dark,ice,70,120,65,45,85,125,34,1.1,75,3.583,45,5120,Sharp Claw Pokémon,0
294,Sableye,Keen Eye,Stall,Prankster,dark,ghost,50,75,75,65,65,50,11,0.5,24.3,1.667,45,6400,Darkness Pokémon,0
295,Mawile,Hyper Cutter,Intimidate,Sheer Force,steel,fairy,50,85,85,55,55,50,11.5,0.6,25.4,2,45,5120,Deceiver Pokémon,0
296,Maractus,Water Absorb,Chlorophyll,Storm Drain,grass,NaN,75,86,67,106,67,60,28,1,61.7,3.25,255,5120,Cactus Pokémon,0
297,Sigilyph,Wonder Skin ,Magic Guard,Tinted Lens,psychic,flying,72,58,80,103,80,97,14,1.4,30.9,4.583,45,5120,Avianoid Pokémon,0
298,Riolu,Steadfast,Inner Focus,Prankster,fighting,NaN,40,70,40,35,40,60,20.2,0.7,44.5,2.333,75,6400,Emanation Pokémon,0
299,Lucario,Steadfast,Inner Focus,Justified,fighting,steel,70,110,70,115,70,90,54,1.2,119,3.917,45,6400,Aura Pokémon,0
300,Torkoal,White Smoke,Drought,Shell Armor,fire,NaN,70,85,140,85,70,20,80.4,0.5,177.2,1.667,90,5120,Coal Pokémon,0
301,Mimikyu,Disguise,NaN,NaN,ghost,fairy,55,90,80,50,105,96,0.7,0.2,1.5,0.667,45,5120,Disguise Pokémon,0
302,Cufant,Sheer Force,NaN,Heavy Metal,steel,NaN,72,80,49,40,49,40,100,1.2,220.5,3.917,190,6400,Copperderm Pokémon,0
303,Copperajah,Sheer Force,NaN,Heavy Metal,steel,NaN,122,130,69,80,69,30,650,3,1433,9.833,90,6400,Copperderm Pokémon,0
304,Qwilfish,Poison Point,Swift Swim,Intimidate,water,poison,65,95,85,55,55,85,3.9,0.5,8.6,1.667,45,5120,Balloon Pokémon,0
305,Frillish,Water Absorb,Cursed Body,Damp,water,ghost,55,40,50,65,85,40,33,1.2,72.8,3.917,190,5120,Floating Pokémon,0
306,Jellicent,Water Absorb,Cursed Body,Damp,water,ghost,100,60,70,85,105,60,135,2.2,297.6,7.25,60,5120,Floating Pokémon,0
307,Mareanie,Merciless,Limber,Regenerator,poison,water,50,53,62,43,52,45,8,0.4,17.6,1.333,190,5120,Brutal Star Pokémon,0
308,Toxapex,Merciless,Limber,Regenerator,poison,water,50,63,152,53,142,35,14.5,0.7,32,2.333,75,5120,Brutal Star Pokémon,0
309,Cramorant,Gulp Missile,NaN,NaN,flying,water,70,85,55,85,95,85,18,0.8,39.7,2.583,45,5120,Gulp Pokémon,0
310,Toxel,Rattled,Static,Klutz,electric,poison,40,38,35,54,35,40,11,0.4,24.3,1.333,75,6400,Baby Pokémon,0
311,Toxtricity,Punk Rock,Plus,Technician,electric,poison,75,98,70,114,70,75,40,1.6,88.2,5.25,45,6400,Punk Pokémon,0
312,Silicobra,Sand Spit,Shed Skin,Sand Veil,ground,NaN,52,57,75,35,50,46,7.6,2.2,16.8,7.25,255,5120,Sand Snake Pokémon,0
313,Sandaconda,Sand Spit,Shed Skin,Sand Veil,ground,NaN,72,107,125,65,70,71,65.5,3.8,144.4,12.5,120,5120,Sand Snake Pokémon,0
314,Hippopotas,Sand Stream,NaN,Sand Force,ground,NaN,68,72,78,38,42,32,49.5,0.8,109.1,2.583,140,7680,Hippo Pokémon,0
315,Hippowdon,Sand Stream,NaN,Sand Force,ground,NaN,108,112,118,68,72,47,300,2,661.4,6.583,60,7680,Heavyweight Pokémon,0
316,Durant,Swarm,Hustle,Truant,bug,steel,58,109,112,48,48,109,33,0.3,72.8,1,90,5120,Iron Ant Pokémon,0
317,Heatmor,Gluttony,Flash Fire,White Smoke,fire,NaN,85,97,66,105,66,65,58,1.4,127.9,4.583,90,5120,Anteater Pokémon,0
318,Helioptile,Dry Skin,Sand Veil,Solar Power,electric,normal,44,38,33,61,43,70,6,0.5,13.2,1.667,190,5120,Generator Pokémon,0
319,Heliolisk,Dry Skin,Sand Veil,Solar Power,electric,normal,62,55,52,109,94,109,21,1,46.3,3.25,75,5120,Generator Pokémon,0
320,Hawlucha,Limber,Unburden,Mold Breaker,fighting,flying,78,92,75,74,63,118,21.5,0.8,47.4,2.583,100,5120,Wrestling Pokémon,0
321,Trapinch,Hyper Cutter,Arena Trap,Sheer Force,ground,NaN,45,100,45,45,45,10,15,0.7,33.1,2.333,255,5120,Ant Pit Pokémon,0
322,Vibrava,Levitate,NaN,NaN,ground,dragon,50,70,50,50,50,70,15.3,1.1,33.7,3.583,120,5120,Vibration Pokémon,0
323,Flygon,Levitate,NaN,NaN,ground,dragon,80,100,80,80,80,100,82,2,180.8,6.583,45,5120,Mystic Pokémon,0
324,Axew,Rivalry,Mold Breaker,Unnerve,dragon,NaN,46,87,60,30,40,57,18,0.6,39.7,2,75,10240,Tusk Pokémon,0
325,Fraxure,Rivalry,Mold Breaker,Unnerve,dragon,NaN,66,117,70,40,50,67,36,1,79.4,3.25,60,10240,Axe Jaw Pokémon,0
326,Haxorus,Rivalry,Mold Breaker,Unnerve,dragon,NaN,76,147,90,60,70,97,105.5,1.8,232.6,5.917,45,10240,Axe Jaw Pokémon,0
327,Yamask,Wandering Spirit,NaN,NaN,ground,ghost,38,55,85,30,65,30,1.5,0.5,3.3,1.667,190,6400,Spirit Pokémon,0
328,Runerigus,Wandering Spirit,NaN,NaN,ground,ghost,58,95,145,50,105,30,66.6,1.6,146.8,5.25,90,6400,Grudge Pokémon,0
329,Cofagrigus,Mummy,NaN,NaN,ghost,NaN,58,50,145,95,105,30,76.5,1.7,168.7,5.583,90,6400,Coffin Pokémon,0
330,Honedge,No Guard,NaN,NaN,steel,ghost,45,80,100,35,37,28,2,0.8,4.4,2.583,180,5120,Sword Pokémon,0
331,Doublade,No Guard,NaN,NaN,steel,ghost,59,110,150,45,49,35,4.5,0.8,9.9,2.583,90,5120,Sword Pokémon,0
332,Aegislash,Stance Change,NaN,NaN,steel,ghost,60,50,140,50,140,60,53,1.7,116.8,5.583,45,5120,Royal Sword Pokémon,0
333,Ponyta,Run Away,Pastel Veil,Anticipation,psychic,NaN,50,85,55,65,65,90,30,1,66.1,3.25,190,5120,Fire Horse Pokémon (Kantonian)Unique Horn Pokémonn (Galarian),0
334,Rapidash,Run Away,Pastel Veil,Anticipation,psychic,fairy,65,100,70,80,80,105,95,1.7,209.4,5.583,60,5120,Fire Horse Pokémon (Kantonian)Unique Horn Pokémonn (Galarian),0
335,Sinistea,Weak Armor,NaN,Cursed Body,ghost,NaN,40,45,45,74,54,50,0.2,0.1,0.4,0.333,120,5120,Black Tea Pokémon,0
336,Polteageist,Weak Armor,NaN,Cursed Body,ghost,NaN,60,65,65,134,114,70,0.4,0.2,0.9,0.667,60,5120,Black Tea Pokémon,0
337,Indeedee,Inner Focus,Synchronize,Psychic Surge,psychic,normal,60,65,55,105,95,95,28,0.9,61.7,2.917,30,10240,Emotion Pokémon,0
338,Phantump,Natural Cure,Frisk,Harvest,ghost,grass,43,70,48,50,60,38,7,0.4,15.4,1.333,120,5120,Stump Pokémon,0
339,Trevenant,Natural Cure,Frisk,Harvest,ghost,grass,85,110,76,65,82,56,71,1.5,156.5,4.917,60,5120,Elder Tree Pokémon,0
340,Morelull,Illuminate,Effect Spore,Rain Dish,grass,fairy,40,35,55,65,75,15,1.5,0.2,3.3,0.667,190,5120,Illuminating Pokémon,0
341,Shiinotic,Illuminate,Effect Spore,Rain Dish,grass,fairy,60,45,80,90,100,30,11.5,1,25.4,3.25,75,5120,Illuminating Pokémon,0
342,Oranguru,Inner Focus,Telepathy,Symbiosis,normal,psychic,90,60,80,90,110,60,76,1.5,167.5,4.917,45,5120,Sage Pokémon,0
343,Passimian,Receiver,NaN,Defiant,fighting,NaN,100,120,90,40,60,80,82.8,2,182.5,6.583,45,5120,Teamwork Pokémon,0
344,Morpeko,Hunger Switch,NaN,NaN,electric,dark,58,95,58,70,58,97,3,0.3,6.6,1,180,2560,Two-Sided Pokémon,0
345,Falinks,Battle Armor,NaN,Defiant,fighting,NaN,65,100,100,70,60,75,62,3,136.7,9.833,45,6400,Formation Pokémon,0
346,Drampa,Berserk,Sap Sipper,Cloud Nine,normal,dragon,78,60,85,135,91,36,185,3,407.8,9.833,70,5120,Placid Pokémon,0
347,Turtonator,Shell Armor,NaN,NaN,fire,dragon,60,78,135,91,85,36,212,2,467.4,6.583,70,5120,Blast Turtle Pokémon,0
348,Togedemaru,Iron Barbs,Lightning Rod,Sturdy,electric,steel,65,98,63,40,73,96,3.3,0.3,7.3,1,180,2560,Roly-Poly Pokémon,0
349,Snom,Shield Dust,NaN,Ice Scales,ice,bug,30,25,35,45,30,20,3.8,0.3,8.4,1,190,5120,Worm Pokémon,0
350,Frosmoth,Shield Dust,NaN,Ice Scales,ice,bug,70,65,60,125,90,65,42,1.3,92.6,4.25,75,5120,Frost Moth Pokémon,0
351,Clobbopus,Limber,NaN,Technician,fighting,NaN,50,68,60,50,50,32,4,0.6,8.8,2,180,6400,Tantrum Pokémon,0
352,Grapploct,Limber,NaN,Technician,fighting,NaN,80,118,90,70,80,42,39,1.6,86,5.25,45,6400,Jujitsu Pokémon,0
353,Pincurchin,Lightning Rod,NaN,Electric Surge,electric,NaN,48,101,95,91,85,15,1,0.3,2.2,1,75,5120,Sea Urchin Pokémon,0
354,Mantyke,Swift Swim,Water Absorb,Water Veil,water,flying,45,20,50,60,120,50,65,1,143.3,3.25,25,6400,Kite Pokémon,0
355,Mantine,Swift Swim,Water Absorb,Water Veil,water,flying,85,40,70,80,140,70,220,2.1,485,6.917,25,6400,Kite Pokémon,0
356,Wailmer,Water Veil,Oblivious,Pressure,water,NaN,130,70,35,70,35,60,130,2,286.6,6.583,125,10240,Ball Whale Pokémon,0
357,Wailord,Water Veil,Oblivious,Pressure,water,NaN,170,90,45,90,45,60,398,14.5,877.4,47.583,60,10240,Float Whale Pokémon,0
358,Bergmite,Own Tempo,Ice Body,Sturdy,ice,NaN,55,69,85,32,35,28,99.5,1,219.4,3.25,190,5120,Ice Chunk Pokémon,0
359,Avalugg,Own Tempo,Ice Body,Sturdy,ice,NaN,95,117,184,44,46,28,505,2,1113.3,6.583,55,5120,Iceberg Pokémon,0
360,Dhelmise,Steelworker,NaN,NaN,ghost,grass,70,131,100,86,90,40,210,3.9,463,12.833,25,6400,Sea Creeper Pokémon,0
361,Lapras,Water Absorb,Shell Armor,Hydration,water,ice,130,85,80,85,95,60,220,2.5,485,8.167,45,10240,Transport Pokémon,0
362,Lunatone,Levitate,NaN,NaN,rock,psychic,90,55,65,95,85,70,168,1,370.4,3.25,45,6400,Meteorite Pokémon,0
363,Solrock,Levitate,NaN,NaN,rock,psychic,90,95,85,55,65,70,154,1.2,339.5,3.917,45,6400,Meteorite Pokémon,0
364,MimeJr,Soundproof,Filter,Technician,psychic,fairy,20,25,45,70,90,60,13,0.6,28.7,2,145,6400,Mime Pokémon,0
365,MrMime,Vital Spirit,Screen Cleaner,Ice Body,ice,psychic,50,65,65,90,90,100,54.5,1.3,120.2,4.25,45,6400,Barrier Pokémon,0
366,MrRime,Tangled Feet,Screen Cleaner,Ice Body,ice,psychic,80,85,75,110,100,70,58.2,1.5,128.3,4.917,45,6400,Comedian Pokémon,0
367,Darumaka,Hustle,NaN,Inner Focus,ice,NaN,70,90,45,15,45,50,37.5,0.6,82.7,2,120,5120,Zen Charm Pokémon (Unovan)Zen Charm Pokémonn (Galarian),0
368,Darmanitan,Gorilla Tactics,NaN,Zen Mode,ice,NaN,105,140,55,30,55,95,92.9,1.3,204.8,4.25,60,5120,Blazing Pokémon (Unovan)Zen Charm Pokémonn (Galarian),0
369,Stonjourner,Power Spot,NaN,NaN,rock,NaN,100,125,135,20,20,70,520,2.5,1146.4,8.167,60,6400,Big Rock Pokémon,0
370,Eiscue,Ice Face,NaN,NaN,ice,NaN,75,80,110,65,90,50,89,1.4,196.2,4.583,60,6400,Penguin Pokémon,0
371,Duraludon,Light Metal,Heavy Metal,Stalwart,steel,dragon,70,95,115,120,50,85,40,1.8,88.2,5.917,45,7680,Alloy Pokémon,0
372,Rotom,Levitate,NaN,NaN,electric,ghost,50,50,77,95,77,91,0.3,0.3,0.7,1,45,5120,Plasma Pokémon,0
373,Ditto,Limber,NaN,Imposter,normal,NaN,48,48,48,48,48,48,4,0.3,8.8,1,35,5120,Transform Pokémon,0
374,Dracozolt,Volt Absorb,Hustle,Sand Rush,electric,dragon,90,100,90,80,70,75,190,1.8,418.9,5.917,45,8960,Fossil Pokémon,0
375,Arctozolt,Volt Absorb,Static,Slush Rush,electric,ice,90,100,90,90,80,55,150,2.3,330.7,7.583,45,8960,Fossil Pokémon,0
376,Dracovish,Water Absorb,Strong Jaw,Sand Rush,water,dragon,90,90,100,70,80,75,215,2.3,474,7.583,45,8960,Fossil Pokémon,0
377,Arctovish,Water Absorb,Ice Body,Slush Rush,water,ice,90,90,100,80,90,55,175,2,385.8,6.583,45,8960,Fossil Pokémon,0
378,Charmander,Blaze,NaN,Solar Power,fire,NaN,39,52,43,60,50,65,8.5,0.6,18.7,2,45,5120,Lizard Pokémon,0
379,Charmeleon,Blaze,NaN,Solar Power,fire,NaN,58,64,58,80,65,80,19,1.1,41.9,3.583,45,5120,Flame Pokémon,0
380,Charizard,Blaze,NaN,Solar Power,fire,flying,78,84,78,109,85,100,90.5,1.7,199.5,5.583,45,5120,Flame Pokémon,0
381,TypeNull,Battle Armor,NaN,NaN,normal,NaN,95,95,95,95,95,59,120.5,1.9,265.7,6.25,3,30720,Synthetic Pokémon,0
382,Silvally,RKS System,NaN,NaN,normal,NaN,95,95,95,95,95,95,100.5,2.3,221.6,7.583,3,30720,Synthetic Pokémon,0
383,Larvitar,Guts,NaN,Sand Veil,rock,ground,50,64,50,45,50,41,72,0.6,158.7,2,45,10240,Rock Skin Pokémon,0
384,Pupitar,Shed Skin,NaN,NaN,rock,ground,70,84,70,65,70,51,152,1.2,335.1,3.917,45,10240,Hard Shell Pokémon,0
385,Tyranitar,Sand Stream,NaN,Unnerve,rock,dark,100,134,110,95,100,61,202,2,445.3,6.583,45,10240,Armor Pokémon,0
386,Deino,Hustle,NaN,NaN,dark,dragon,52,65,50,45,50,38,17.3,0.8,38.1,2.583,45,10240,Irate Pokémon,0
387,Zweilous,Hustle,NaN,NaN,dark,dragon,72,85,70,65,70,58,50,1.4,110.2,4.583,45,10240,Hostile Pokémon,0
388,Hydreigon,Levitate,NaN,NaN,dark,dragon,92,105,90,125,90,98,160,1.8,352.7,5.917,45,10240,Brutal Pokémon,0
389,Goomy,Sap Sipper,Hydration,Gooey,dragon,NaN,45,50,35,55,75,40,2.8,0.3,6.2,1,45,10240,Soft Tissue Pokémon,0
390,Sliggoo,Sap Sipper,Hydration,Gooey,dragon,NaN,68,75,53,83,113,60,17.5,0.8,38.6,2.583,45,10240,Soft Tissue Pokémon,0
391,Goodra,Sap Sipper,Hydration,Gooey,dragon,NaN,90,100,70,110,150,80,150.5,2,331.8,6.583,45,10240,Dragon Pokémon,0
392,Jangmoo,Bulletproof,Soundproof,Overcoat,dragon,NaN,45,55,65,45,45,45,29.7,0.6,65.5,2,45,10240,Scaly Pokémon,0
393,Hakamoo,Bulletproof,Soundproof,Overcoat,dragon,fighting,55,75,90,65,70,65,47,1.2,103.6,3.917,45,10240,Scaly Pokémon,0
394,Kommoo,Bulletproof,Soundproof,Overcoat,dragon,fighting,75,110,125,100,105,85,78.2,1.6,172.4,5.25,45,10240,Scaly Pokémon,0
395,Dreepy,Clear Body,Infiltrator,Cursed Body,dragon,ghost,28,60,30,40,30,82,2,0.5,4.4,1.667,45,10240,Lingering Pokémon,0
396,Drakloak,Clear Body,Infiltrator,Cursed Body,dragon,ghost,68,80,50,60,50,102,11,1.4,24.3,4.583,45,10240,Caretaker Pokémon,0
397,Dragapult,Clear Body,Infiltrator,Cursed Body,dragon,ghost,88,120,75,100,75,142,50,3,110.2,9.833,45,10240,Stealth Pokémon,0
398,Zacian,Intrepid Sword,NaN,NaN,fairy,NaN,92,130,115,80,115,138,110,2.8,242.5,9.167,10,30720,Warrior Pokémon,1
399,Zamazenta,Dauntless Shield,NaN,NaN,fighting,NaN,92,130,115,80,115,138,210,2.9,463,9.5,10,30720,Warrior Pokémon,1
400,Eternatus,Pressure,NaN,NaN,poison,dragon,140,85,95,145,95,130,950,20,2094.4,65.583,255,30720,Gigantic Pokémon,1
